-- phpMyAdmin SQL Dump
-- version 4.8.5
-- https://www.phpmyadmin.net/
--
-- Host: localhost
-- Generation Time: Oct 21, 2024 at 11:10 AM
-- Server version: 5.7.25
-- PHP Version: 7.1.26

SET SQL_MODE = "NO_AUTO_VALUE_ON_ZERO";
SET AUTOCOMMIT = 0;
START TRANSACTION;
SET time_zone = "+00:00";


/*!40101 SET @OLD_CHARACTER_SET_CLIENT=@@CHARACTER_SET_CLIENT */;
/*!40101 SET @OLD_CHARACTER_SET_RESULTS=@@CHARACTER_SET_RESULTS */;
/*!40101 SET @OLD_COLLATION_CONNECTION=@@COLLATION_CONNECTION */;
/*!40101 SET NAMES utf8mb4 */;

--
-- Database: `itr_db`
--

-- --------------------------------------------------------

--
-- Table structure for table `city`
--

CREATE TABLE `city` (
  `city_id` int(11) NOT NULL,
  `state_id` int(11) NOT NULL,
  `city` varchar(100) NOT NULL,
  `status` tinyint(1) NOT NULL DEFAULT '1'
) ENGINE=MyISAM DEFAULT CHARSET=latin1;

--
-- Dumping data for table `city`
--

INSERT INTO `city` (`city_id`, `state_id`, `city`, `status`) VALUES
(1, 1, 'Adilabad', 1),
(2, 1, 'Adoni', 1),
(3, 1, 'Amadalavalasa', 1),
(4, 1, 'Amalapuram', 1),
(5, 1, 'Anakapalle', 1),
(6, 1, 'Anantapur', 1),
(7, 1, 'Badepalle', 1),
(8, 1, 'Banganapalle', 1),
(9, 1, 'Bapatla', 1),
(10, 1, 'Bellampalle', 1),
(11, 1, 'Bethamcherla', 1),
(12, 1, 'Bhadrachalam', 1),
(13, 1, 'Bhainsa', 1),
(14, 1, 'Bheemunipatnam', 1),
(15, 1, 'Bhimavaram', 1),
(16, 1, 'Bhongir', 1),
(17, 1, 'Bobbili', 1),
(18, 1, 'Bodhan', 1),
(19, 1, 'Chilakaluripet', 1),
(20, 1, 'Chirala', 1),
(21, 1, 'Chittoor', 1),
(22, 1, 'Cuddapah', 1),
(23, 1, 'Devarakonda', 1),
(24, 1, 'Dharmavaram', 1),
(25, 1, 'Eluru', 1),
(26, 1, 'Farooqnagar', 1),
(27, 1, 'Gadwal', 1),
(28, 1, 'Gooty', 1),
(29, 1, 'Gudivada', 1),
(30, 1, 'Gudur', 1),
(31, 1, 'Guntakal', 1),
(32, 1, 'Guntur', 1),
(33, 1, 'Hanuman Junction', 1),
(34, 1, 'Hindupur', 1),
(35, 1, 'Hyderabad', 1),
(36, 1, 'Ichchapuram', 1),
(37, 1, 'Jaggaiahpet', 1),
(38, 1, 'Jagtial', 1),
(39, 1, 'Jammalamadugu', 1),
(40, 1, 'Jangaon', 1),
(41, 1, 'Kadapa', 1),
(42, 1, 'Kadiri', 1),
(43, 1, 'Kagaznagar', 1),
(44, 1, 'Kakinada', 1),
(45, 1, 'Kalyandurg', 1),
(46, 1, 'Kamareddy', 1),
(47, 1, 'Kandukur', 1),
(48, 1, 'Karimnagar', 1),
(49, 1, 'Kavali', 1),
(50, 1, 'Khammam', 1),
(51, 1, 'Koratla', 1),
(52, 1, 'Kothagudem', 1),
(53, 1, 'Kothapeta', 1),
(54, 1, 'Kovvur', 1),
(55, 1, 'Kurnool', 1),
(56, 1, 'Kyathampalle', 1),
(57, 1, 'Macherla', 1),
(58, 1, 'Machilipatnam', 1),
(59, 1, 'Madanapalle', 1),
(60, 1, 'Mahbubnagar', 1),
(61, 1, 'Mancherial', 1),
(62, 1, 'Mandamarri', 1),
(63, 1, 'Mandapeta', 1),
(64, 1, 'Manuguru', 1),
(65, 1, 'Markapur', 1),
(66, 1, 'Medak', 1),
(67, 1, 'Miryalaguda', 1),
(68, 1, 'Mogalthur', 1),
(69, 1, 'Nagari', 1),
(70, 1, 'Nagarkurnool', 1),
(71, 1, 'Nandyal', 1),
(72, 1, 'Narasapur', 1),
(73, 1, 'Narasaraopet', 1),
(74, 1, 'Narayanpet', 1),
(75, 1, 'Narsipatnam', 1),
(76, 1, 'Nellore', 1),
(77, 1, 'Nidadavole', 1),
(78, 1, 'Nirmal', 1),
(79, 1, 'Nizamabad', 1),
(80, 1, 'Nuzvid', 1),
(81, 1, 'Ongole', 1),
(82, 1, 'Palacole', 1),
(83, 1, 'Palasa Kasibugga', 1),
(84, 1, 'Palwancha', 1),
(85, 1, 'Parvathipuram', 1),
(86, 1, 'Pedana', 1),
(87, 1, 'Peddapuram', 1),
(88, 1, 'Pithapuram', 1),
(89, 1, 'Pondur', 1),
(90, 1, 'Ponnur', 1),
(91, 1, 'Proddatur', 1),
(92, 1, 'Punganur', 1),
(93, 1, 'Puttur', 1),
(94, 1, 'Rajahmundry', 1),
(95, 1, 'Rajam', 1),
(96, 1, 'Ramachandrapuram', 1),
(97, 1, 'Ramagundam', 1),
(98, 1, 'Rayachoti', 1),
(99, 1, 'Rayadurg', 1),
(100, 1, 'Renigunta', 1),
(101, 1, 'Repalle', 1),
(102, 1, 'Sadasivpet', 1),
(103, 1, 'Salur', 1),
(104, 1, 'Samalkot', 1),
(105, 1, 'Sangareddy', 1),
(106, 1, 'Sattenapalle', 1),
(107, 1, 'Siddipet', 1),
(108, 1, 'Singapur', 1),
(109, 1, 'Sircilla', 1),
(110, 1, 'Srikakulam', 1),
(111, 1, 'Srikalahasti', 1),
(112, 1, 'Suryapet', 1),
(113, 1, 'Tadepalligudem', 1),
(114, 1, 'Tadpatri', 1),
(115, 1, 'Tandur', 1),
(116, 1, 'Tanuku', 1),
(117, 1, 'Tenali', 1),
(118, 1, 'Tirupati', 1),
(119, 1, 'Tuni', 1),
(120, 1, 'Uravakonda', 1),
(121, 1, 'Venkatagiri', 1),
(122, 1, 'Vicarabad', 1),
(123, 1, 'Vijayawada', 1),
(124, 1, 'Vinukonda', 1),
(125, 1, 'Visakhapatnam', 1),
(126, 1, 'Vizianagaram', 1),
(127, 1, 'Wanaparthy', 1),
(128, 1, 'Warangal', 1),
(129, 1, 'Yellandu', 1),
(130, 1, 'Yemmiganur', 1),
(131, 1, 'Yerraguntla', 1),
(132, 1, 'Zahirabad', 1),
(134, 4, 'Amguri', 1),
(135, 4, 'Anandnagaar', 1),
(136, 4, 'Barpeta', 1),
(137, 4, 'Barpeta Road', 1),
(138, 4, 'Bilasipara', 1),
(139, 4, 'Bongaigaon', 1),
(140, 4, 'Dhekiajuli', 1),
(141, 4, 'Dhubri', 1),
(142, 4, 'Dibrugarh', 1),
(143, 4, 'Digboi', 1),
(144, 4, 'Diphu', 1),
(145, 4, 'Dispur', 1),
(146, 4, 'Gauripur', 1),
(147, 4, 'Goalpara', 1),
(148, 4, 'Golaghat', 1),
(149, 4, 'Guwahati', 1),
(150, 4, 'Haflong', 1),
(151, 4, 'Hailakandi', 1),
(152, 4, 'Hojai', 1),
(153, 4, 'Jorhat', 1),
(154, 4, 'Karimganj', 1),
(155, 4, 'Kokrajhar', 1),
(156, 4, 'Lanka', 1),
(157, 4, 'Lumding', 1),
(158, 4, 'Mangaldoi', 1),
(159, 4, 'Mankachar', 1),
(160, 4, 'Margherita', 1),
(161, 4, 'Mariani', 1),
(162, 4, 'Marigaon', 1),
(163, 4, 'Nagaon', 1),
(164, 4, 'Nalbari', 1),
(165, 4, 'North Lakhimpur', 1),
(166, 4, 'Rangia', 1),
(167, 4, 'Sibsagar', 1),
(168, 4, 'Silapathar', 1),
(169, 4, 'Silchar', 1),
(170, 4, 'Tezpur', 1),
(171, 4, 'Tinsukia', 1),
(172, 2, 'Along', 1),
(173, 2, 'Bomdila', 1),
(174, 2, 'Itanagar', 1),
(175, 2, 'Naharlagun', 1),
(176, 2, 'Pasighat', 1),
(177, 12, 'Ahmedabad', 1),
(178, 12, 'Amreli', 1),
(179, 12, 'Anand', 1),
(180, 12, 'Ankleshwar', 1),
(181, 12, 'Bharuch', 1),
(182, 12, 'Bhavnagar', 1),
(183, 12, 'Bhuj', 1),
(184, 12, 'Cambay', 1),
(185, 12, 'Dahod', 1),
(186, 12, 'Deesa', 1),
(187, 12, 'Dholka', 1),
(188, 12, 'Gandhinagar', 1),
(189, 12, 'Godhra', 1),
(190, 12, 'Himatnagar', 1),
(191, 12, 'Idar', 1),
(192, 12, 'Jamnagar', 1),
(193, 12, 'Junagadh', 1),
(194, 12, 'Kadi', 1),
(195, 12, 'Kalavad', 1),
(196, 12, 'Kalol', 1),
(197, 12, 'Kapadvanj', 1),
(198, 12, 'Karjan', 1),
(199, 12, 'Keshod', 1),
(200, 12, 'Khambhalia', 1),
(201, 12, 'Khambhat', 1),
(202, 12, 'Kheda', 1),
(203, 12, 'Khedbrahma', 1),
(204, 12, 'Kheralu', 1),
(205, 12, 'Kodinar', 1),
(206, 12, 'Lathi', 1),
(207, 12, 'Limbdi', 1),
(208, 12, 'Lunawada', 1),
(209, 12, 'Mahesana', 1),
(210, 12, 'Mahuva', 1),
(211, 12, 'Manavadar', 1),
(212, 12, 'Mandvi', 1),
(213, 12, 'Mangrol', 1),
(214, 12, 'Mansa', 1),
(215, 12, 'Mehmedabad', 1),
(216, 12, 'Modasa', 1),
(217, 12, 'Morvi', 1),
(218, 12, 'Nadiad', 1),
(219, 12, 'Navsari', 1),
(220, 12, 'Padra', 1),
(221, 12, 'Palanpur', 1),
(222, 12, 'Palitana', 1),
(223, 12, 'Pardi', 1),
(224, 12, 'Patan', 1),
(225, 12, 'Petlad', 1),
(226, 12, 'Porbandar', 1),
(227, 12, 'Radhanpur', 1),
(228, 12, 'Rajkot', 1),
(229, 12, 'Rajpipla', 1),
(230, 12, 'Rajula', 1),
(231, 12, 'Ranavav', 1),
(232, 12, 'Rapar', 1),
(233, 12, 'Salaya', 1),
(234, 12, 'Sanand', 1),
(235, 12, 'Savarkundla', 1),
(236, 12, 'Sidhpur', 1),
(237, 12, 'Sihor', 1),
(238, 12, 'Songadh', 1),
(239, 12, 'Surat', 1),
(240, 12, 'Talaja', 1),
(241, 12, 'Thangadh', 1),
(242, 12, 'Tharad', 1),
(243, 12, 'Umbergaon', 1),
(244, 12, 'Umreth', 1),
(245, 12, 'Una', 1),
(246, 12, 'Unjha', 1),
(247, 12, 'Upleta', 1),
(248, 12, 'Vadnagar', 1),
(249, 12, 'Vadodara', 1),
(250, 12, 'Valsad', 1),
(252, 12, 'Vapi', 1),
(253, 12, 'Veraval', 1),
(254, 12, 'Vijapur', 1),
(255, 12, 'Viramgam', 1),
(256, 12, 'Visnagar', 1),
(257, 12, 'Vyara', 1),
(258, 12, 'Wadhwan', 1),
(259, 12, 'Wankaner', 1),
(260, 5, 'Amarpur ', 1),
(261, 5, 'Araria', 1),
(262, 5, 'Areraj', 1),
(263, 5, 'Arrah', 1),
(264, 5, 'Asarganj', 1),
(265, 5, 'Aurangabad', 1),
(266, 5, 'Bagaha', 1),
(267, 5, 'Bahadurganj', 1),
(268, 5, 'Bairgania', 1),
(269, 5, 'Bakhtiarpur', 1),
(270, 5, 'Banka', 1),
(271, 5, 'Banmankhi Bazar', 1),
(272, 5, 'Barahiya', 1),
(273, 5, 'Barauli', 1),
(274, 5, 'Barbigha', 1),
(275, 5, 'Barh', 1),
(276, 5, 'Begusarai', 1),
(277, 5, 'Behea', 1),
(278, 5, 'Bettiah', 1),
(279, 5, 'Bhabua', 1),
(280, 5, 'Bhagalpur', 1),
(281, 5, 'Bihar Sharif', 1),
(282, 5, 'Bikramganj', 1),
(283, 5, 'Bodh Gaya', 1),
(284, 5, 'Buxar', 1),
(285, 5, 'Chandan Bara', 1),
(286, 5, 'Chanpatia', 1),
(287, 5, 'Chhapra', 1),
(288, 5, 'Colgong', 1),
(289, 5, 'Dalsinghsarai', 1),
(290, 5, 'Darbhanga', 1),
(291, 5, 'Daudnagar', 1),
(292, 5, 'Dehri-on-Sone', 1),
(293, 5, 'Dhaka', 1),
(294, 5, 'Dighwara', 1),
(295, 5, 'Dumraon', 1),
(296, 5, 'Fatwah', 1),
(297, 5, 'Forbesganj', 1),
(298, 5, 'Gaya', 1),
(299, 5, 'Gogri Jamalpur', 1),
(300, 5, 'Gopalganj', 1),
(301, 5, 'Hajipur', 1),
(302, 5, 'Hilsa', 1),
(303, 5, 'Hisua', 1),
(304, 5, 'Islampur', 1),
(305, 5, 'Jagdispur', 1),
(306, 5, 'Jamalpur', 1),
(307, 5, 'Jamui', 1),
(308, 5, 'Jehanabad', 1),
(309, 5, 'Jhajha', 1),
(310, 5, 'Jhanjharpur', 1),
(311, 5, 'Jogabani', 1),
(312, 5, 'Kanti', 1),
(313, 5, 'Katihar', 1),
(314, 5, 'Khagaria', 1),
(315, 5, 'Kharagpur', 1),
(316, 5, 'Kishanganj', 1),
(317, 5, 'Lakhisarai', 1),
(318, 5, 'Lalganj', 1),
(319, 5, 'Madhepura', 1),
(320, 5, 'Madhubani', 1),
(321, 5, 'Maharajganj', 1),
(322, 5, 'Mahnar Bazar', 1),
(323, 5, 'Makhdumpur', 1),
(324, 5, 'Maner', 1),
(325, 5, 'Manihari', 1),
(326, 5, 'Marhaura', 1),
(327, 5, 'Masaurhi', 1),
(328, 5, 'Mirganj', 1),
(329, 5, 'Mokameh', 1),
(330, 5, 'Motihari', 1),
(331, 5, 'Motipur', 1),
(332, 5, 'Munger', 1),
(333, 5, 'Murliganj', 1),
(334, 5, 'Muzaffarpur', 1),
(335, 5, 'Narkatiaganj', 1),
(336, 5, 'Naugachhia', 1),
(337, 5, 'Nawada', 1),
(338, 5, 'Nokha', 1),
(339, 5, 'Patna', 1),
(340, 5, 'Piro', 1),
(341, 5, 'Purnia', 1),
(342, 5, 'Rafiganj', 1),
(343, 5, 'Rajgir', 1),
(344, 5, 'Ramnagar', 1),
(345, 5, 'Raxaul Bazar', 1),
(346, 5, 'Revelganj', 1),
(347, 5, 'Rosera', 1),
(348, 5, 'Saharsa', 1),
(349, 5, 'Samastipur', 1),
(350, 5, 'Sasaram', 1),
(351, 5, 'Sheikhpura', 1),
(352, 5, 'Sheohar', 1),
(353, 5, 'Sherghati', 1),
(354, 5, 'Silao', 1),
(355, 5, 'Sitamarhi', 1),
(356, 5, 'Siwan', 1),
(357, 5, 'Sonepur', 1),
(358, 5, 'Sugauli', 1),
(359, 5, 'Sultanganj', 1),
(360, 5, 'Supaul', 1),
(361, 5, 'Warisaliganj', 1),
(363, 13, 'Ambala', 1),
(364, 13, 'Asankhurd', 1),
(365, 13, 'Assandh', 1),
(366, 13, 'Ateli', 1),
(367, 13, 'Babiyal', 1),
(368, 13, 'Bahadurgarh', 1),
(369, 13, 'Barwala', 1),
(370, 13, 'Bhiwani', 1),
(371, 13, 'Charkhi Dadri', 1),
(372, 13, 'Cheeka', 1),
(373, 13, 'Ellenabad 2', 1),
(374, 13, 'Faridabad', 1),
(375, 13, 'Fatehabad', 1),
(376, 13, 'Ganaur', 1),
(377, 13, 'Gharaunda', 1),
(378, 13, 'Gohana', 1),
(379, 13, 'Gurgaon', 1),
(380, 13, 'Haibat(Yamuna Nagar)', 1),
(381, 13, 'Hansi', 1),
(382, 13, 'Hisar', 1),
(383, 13, 'Hodal', 1),
(384, 13, 'Jhajjar', 1),
(385, 13, 'Jind', 1),
(386, 13, 'Kaithal', 1),
(387, 13, 'Kalan Wali', 1),
(388, 13, 'Kalka', 1),
(389, 13, 'Karnal', 1),
(390, 13, 'Ladwa', 1),
(391, 13, 'Mahendragarh', 1),
(392, 13, 'Mandi Dabwali', 1),
(393, 13, 'Narnaul', 1),
(394, 13, 'Narwana', 1),
(395, 13, 'Palwal', 1),
(396, 13, 'Panchkula', 1),
(397, 13, 'Panipat', 1),
(398, 13, 'Pehowa', 1),
(399, 13, 'Pinjore', 1),
(400, 13, 'Rania', 1),
(401, 13, 'Ratia', 1),
(402, 13, 'Rewari', 1),
(403, 13, 'Rohtak', 1),
(404, 13, 'Safidon', 1),
(405, 13, 'Samalkha', 1),
(406, 13, 'Shahbad', 1),
(407, 13, 'Sirsa', 1),
(408, 13, 'Sohna', 1),
(409, 13, 'Sonipat', 1),
(410, 13, 'Taraori', 1),
(411, 13, 'Thanesar', 1),
(412, 13, 'Tohana', 1),
(413, 13, 'Yamunanagar', 1),
(414, 14, 'Arki', 1),
(415, 14, 'Baddi', 1),
(416, 14, 'Bilaspur', 1),
(417, 14, 'Chamba', 1),
(418, 14, 'Dalhousie', 1),
(419, 14, 'Dharamsala', 1),
(420, 14, 'Hamirpur', 1),
(421, 14, 'Mandi', 1),
(422, 14, 'Nahan', 1),
(423, 14, 'Shimla', 1),
(424, 14, 'Solan', 1),
(425, 14, 'Sundarnagar', 1),
(426, 15, 'Achabbal', 1),
(427, 15, 'Akhnoor', 1),
(428, 15, 'Anantnag', 1),
(429, 15, 'Arnia', 1),
(430, 15, 'Awantipora', 1),
(431, 15, 'Bandipore', 1),
(432, 15, 'Baramula', 1),
(433, 15, 'Kathua', 1),
(434, 15, 'Leh', 1),
(435, 15, 'Punch', 1),
(436, 15, 'Rajauri', 1),
(437, 15, 'Sopore', 1),
(438, 15, 'Srinagar', 1),
(439, 15, 'Udhampur', 1),
(440, 17, 'Arasikere', 1),
(441, 17, 'Bangalore', 1),
(442, 17, 'Belgaum', 1),
(443, 17, 'Bellary', 1),
(444, 17, 'Chamrajnagar', 1),
(445, 17, 'Chikkaballapur', 1),
(446, 17, 'Chintamani', 1),
(447, 17, 'Chitradurga', 1),
(448, 17, 'Gulbarga', 1),
(449, 17, 'Gundlupet', 1),
(450, 17, 'Hassan', 1),
(451, 17, 'Hospet', 1),
(452, 17, 'Hubli', 1),
(453, 17, 'Karkala', 1),
(454, 17, 'Karwar', 1),
(455, 17, 'Kolar', 1),
(456, 17, 'Kota', 1),
(457, 17, 'Lakshmeshwar', 1),
(458, 17, 'Lingsugur', 1),
(459, 17, 'Maddur', 1),
(460, 17, 'Madhugiri', 1),
(461, 17, 'Madikeri', 1),
(462, 17, 'Magadi', 1),
(463, 17, 'Mahalingpur', 1),
(464, 17, 'Malavalli', 1),
(465, 17, 'Malur', 1),
(466, 17, 'Mandya', 1),
(467, 17, 'Mangalore', 1),
(468, 17, 'Manvi', 1),
(469, 17, 'Mudalgi', 1),
(470, 17, 'Mudbidri', 1),
(471, 17, 'Muddebihal', 1),
(472, 17, 'Mudhol', 1),
(473, 17, 'Mulbagal', 1),
(474, 17, 'Mundargi', 1),
(475, 17, 'Mysore', 1),
(476, 17, 'Nanjangud', 1),
(477, 17, 'Pavagada', 1),
(479, 17, 'Rabkavi Banhatti', 1),
(480, 17, 'Raichur', 1),
(481, 17, 'Ramanagaram', 1),
(482, 17, 'Ramdurg', 1),
(483, 17, 'Ranibennur', 1),
(484, 17, 'Robertson Pet', 1),
(485, 17, 'Ron', 1),
(486, 17, 'Sadalgi', 1),
(487, 17, 'Sagar', 1),
(488, 17, 'Sakleshpur', 1),
(489, 17, 'Sandur', 1),
(490, 17, 'Sankeshwar', 1),
(491, 17, 'Saundatti-Yellamma', 1),
(492, 17, 'Savanur', 1),
(493, 17, 'Sedam', 1),
(494, 17, 'Shahabad', 1),
(495, 17, 'Shahpur', 1),
(496, 17, 'Shiggaon', 1),
(497, 17, 'Shikapur', 1),
(498, 17, 'Shimoga', 1),
(499, 17, 'Shorapur', 1),
(500, 17, 'Shrirangapattana', 1),
(501, 17, 'Sidlaghatta', 1),
(502, 17, 'Sindgi', 1),
(503, 17, 'Sindhnur', 1),
(504, 17, 'Sira', 1),
(505, 17, 'Sirsi', 1),
(506, 17, 'Siruguppa', 1),
(507, 17, 'Srinivaspur', 1),
(508, 17, 'Talikota', 1),
(509, 17, 'Tarikere', 1),
(510, 17, 'Tekkalakota', 1),
(511, 17, 'Terdal', 1),
(512, 17, 'Tiptur', 1),
(513, 17, 'Tumkur', 1),
(514, 17, 'Udupi', 1),
(515, 17, 'Vijayapura', 1),
(516, 17, 'Wadi', 1),
(517, 17, 'Yadgir', 1),
(518, 17, 'Chikmagalur', 1),
(519, 17, 'Davanagere', 1),
(520, 17, 'Dharwad', 1),
(521, 17, 'Gadag', 1),
(522, 18, 'Adoor', 1),
(523, 18, 'Akathiyoor', 1),
(524, 18, 'Alappuzha', 1),
(525, 18, 'Ancharakandy', 1),
(526, 18, 'Aroor', 1),
(527, 18, 'Ashtamichira', 1),
(528, 18, 'Attingal', 1),
(529, 18, 'Avinissery', 1),
(530, 18, 'Chalakudy', 1),
(531, 18, 'Changanassery', 1),
(532, 18, 'Chendamangalam', 1),
(533, 18, 'Chengannur', 1),
(534, 18, 'Cherthala', 1),
(535, 18, 'Cheruthazham', 1),
(536, 18, 'Chittur-Thathamangalam', 1),
(537, 18, 'Chockli', 1),
(538, 18, 'Erattupetta', 1),
(539, 18, 'Guruvayoor', 1),
(540, 18, 'Irinjalakuda', 1),
(541, 18, 'Kadirur', 1),
(542, 18, 'Kalliasseri', 1),
(543, 18, 'Kalpetta', 1),
(544, 18, 'Kanhangad', 1),
(545, 18, 'Kanjikkuzhi', 1),
(546, 18, 'Kannur', 1),
(547, 18, 'Kasaragod', 1),
(548, 18, 'Kayamkulam', 1),
(549, 18, 'Kochi', 1),
(550, 18, 'Kodungallur', 1),
(551, 18, 'Kollam', 1),
(552, 18, 'Koothuparamba', 1),
(553, 18, 'Kothamangalam', 1),
(554, 18, 'Kottayam', 1),
(555, 18, 'Kozhikode', 1),
(556, 18, 'Kunnamkulam', 1),
(557, 18, 'Malappuram', 1),
(558, 18, 'Mattannur', 1),
(559, 18, 'Mavelikkara', 1),
(560, 18, 'Mavoor', 1),
(561, 18, 'Muvattupuzha', 1),
(562, 18, 'Nedumangad', 1),
(563, 18, 'Neyyattinkara', 1),
(564, 18, 'Ottappalam', 1),
(565, 18, 'Palai', 1),
(566, 18, 'Palakkad', 1),
(567, 18, 'Panniyannur', 1),
(568, 18, 'Pappinisseri', 1),
(569, 18, 'Paravoor', 1),
(570, 18, 'Pathanamthitta', 1),
(571, 18, 'Payyannur', 1),
(572, 18, 'Peringathur', 1),
(573, 18, 'Perinthalmanna', 1),
(574, 18, 'Perumbavoor', 1),
(575, 18, 'Ponnani', 1),
(576, 18, 'Punalur', 1),
(577, 18, 'Quilandy', 1),
(578, 18, 'Shoranur', 1),
(579, 18, 'Taliparamba', 1),
(580, 18, 'Thiruvalla', 1),
(581, 18, 'Thiruvananthapuram', 1),
(582, 18, 'Thodupuzha', 1),
(583, 18, 'Thrissur', 1),
(584, 18, 'Tirur', 1),
(585, 18, 'Vadakara', 1),
(586, 18, 'Vaikom', 1),
(587, 18, 'Varkala', 1),
(588, 20, 'Ashok Nagar', 1),
(589, 20, 'Balaghat', 1),
(590, 20, 'Betul', 1),
(591, 20, 'Bhopal', 1),
(592, 20, 'Burhanpur', 1),
(593, 20, 'Chhatarpur', 1),
(594, 20, 'Dabra', 1),
(595, 20, 'Datia', 1),
(596, 20, 'Dewas', 1),
(597, 20, 'Dhar', 1),
(598, 20, 'Fatehabad', 1),
(599, 20, 'Gwalior', 1),
(600, 20, 'Indore', 1),
(601, 20, 'Itarsi', 1),
(602, 20, 'Jabalpur', 1),
(603, 20, 'Katni', 1),
(604, 20, 'Kotma', 1),
(605, 20, 'Lahar', 1),
(606, 20, 'Lundi', 1),
(607, 20, 'Maharajpur', 1),
(608, 20, 'Mahidpur', 1),
(609, 20, 'Maihar', 1),
(610, 20, 'Malajkhand', 1),
(611, 20, 'Manasa', 1),
(612, 20, 'Manawar', 1),
(613, 20, 'Mandideep', 1),
(614, 20, 'Mandla', 1),
(615, 20, 'Mandsaur', 1),
(616, 20, 'Mauganj', 1),
(617, 20, 'Mhow Cantonment', 1),
(618, 20, 'Mhowgaon', 1),
(619, 20, 'Morena', 1),
(620, 20, 'Multai', 1),
(621, 20, 'Murwara', 1),
(622, 20, 'Nagda', 1),
(623, 20, 'Nainpur', 1),
(624, 20, 'Narsinghgarh', 1),
(625, 20, 'Narsinghgarh', 1),
(626, 20, 'Neemuch', 1),
(627, 20, 'Nepanagar', 1),
(628, 20, 'Niwari', 1),
(629, 20, 'Nowgong', 1),
(630, 20, 'Nowrozabad', 1),
(631, 20, 'Pachore', 1),
(632, 20, 'Pali', 1),
(633, 20, 'Panagar', 1),
(634, 20, 'Pandhurna', 1),
(635, 20, 'Panna', 1),
(636, 20, 'Pasan', 1),
(637, 20, 'Pipariya', 1),
(638, 20, 'Pithampur', 1),
(639, 20, 'Porsa', 1),
(640, 20, 'Prithvipur', 1),
(641, 20, 'Raghogarh-Vijaypur', 1),
(642, 20, 'Rahatgarh', 1),
(643, 20, 'Raisen', 1),
(644, 20, 'Rajgarh', 1),
(645, 20, 'Ratlam', 1),
(646, 20, 'Rau', 1),
(647, 20, 'Rehli', 1),
(648, 20, 'Rewa', 1),
(649, 20, 'Sabalgarh', 1),
(650, 20, 'Sagar', 1),
(651, 20, 'Sanawad', 1),
(652, 20, 'Sarangpur', 1),
(653, 20, 'Sarni', 1),
(654, 20, 'Satna', 1),
(655, 20, 'Sausar', 1),
(656, 20, 'Sehore', 1),
(657, 20, 'Sendhwa', 1),
(658, 20, 'Seoni', 1),
(659, 20, 'Seoni-Malwa', 1),
(660, 20, 'Shahdol', 1),
(661, 20, 'Shajapur', 1),
(662, 20, 'Shamgarh', 1),
(663, 20, 'Sheopur', 1),
(664, 20, 'Shivpuri', 1),
(665, 20, 'Shujalpur', 1),
(666, 20, 'Sidhi', 1),
(667, 20, 'Sihora', 1),
(668, 20, 'Singrauli', 1),
(669, 20, 'Sironj', 1),
(670, 20, 'Sohagpur', 1),
(671, 20, 'Tarana', 1),
(672, 20, 'Tikamgarh', 1),
(673, 20, 'Ujhani', 1),
(674, 20, 'Ujjain', 1),
(675, 20, 'Umaria', 1),
(676, 20, 'Vidisha', 1),
(677, 20, 'Wara Seoni', 1),
(678, 21, 'Kolhapur', 1),
(679, 21, 'Ahmednagar', 1),
(680, 21, 'Akola', 1),
(681, 21, 'Amravati', 1),
(682, 21, 'Aurangabad', 1),
(683, 21, 'Baramati', 1),
(684, 21, 'Chalisgaon', 1),
(685, 21, 'Chinchani', 1),
(686, 21, 'Devgarh', 1),
(687, 21, 'Dhule', 1),
(688, 21, 'Dombivli', 1),
(689, 21, 'Durgapur', 1),
(690, 21, 'Ichalkaranji', 1),
(691, 21, 'Jalna', 1),
(692, 21, 'Kalyan', 1),
(693, 21, 'Latur', 1),
(694, 21, 'Loha', 1),
(695, 21, 'Lonar', 1),
(696, 21, 'Lonavla', 1),
(697, 21, 'Mahad', 1),
(698, 21, 'Mahuli', 1),
(699, 21, 'Malegaon', 1),
(700, 21, 'Malkapur', 1),
(701, 21, 'Manchar', 1),
(702, 21, 'Mangalvedhe', 1),
(703, 21, 'Mangrulpir', 1),
(704, 21, 'Manjlegaon', 1),
(705, 21, 'Manmad', 1),
(706, 21, 'Manwath', 1),
(707, 21, 'Mehkar', 1),
(708, 21, 'Mhaswad', 1),
(709, 21, 'Miraj', 1),
(710, 21, 'Morshi', 1),
(711, 21, 'Mukhed', 1),
(712, 21, 'Mul', 1),
(713, 21, 'Mumbai', 1),
(714, 21, 'Murtijapur', 1),
(715, 21, 'Nagpur', 1),
(716, 21, 'Nalasopara', 1),
(717, 21, 'Nanded-Waghala', 1),
(718, 21, 'Nandgaon', 1),
(719, 21, 'Nandura', 1),
(720, 21, 'Nandurbar', 1),
(721, 21, 'Narkhed', 1),
(722, 21, 'Nashik', 1),
(723, 21, 'Navi Mumbai', 1),
(724, 21, 'Nawapur', 1),
(725, 21, 'Nilanga', 1),
(726, 21, 'Osmanabad', 1),
(727, 21, 'Ozar', 1),
(728, 21, 'Pachora', 1),
(729, 21, 'Paithan', 1),
(730, 21, 'Palghar', 1),
(731, 21, 'Pandharkaoda', 1),
(732, 21, 'Pandharpur', 1),
(733, 21, 'Panvel', 1),
(734, 21, 'Parbhani', 1),
(735, 21, 'Parli', 1),
(736, 21, 'Parola', 1),
(737, 21, 'Partur', 1),
(738, 21, 'Pathardi', 1),
(739, 21, 'Pathri', 1),
(740, 21, 'Patur', 1),
(741, 21, 'Pauni', 1),
(742, 21, 'Pen', 1),
(743, 21, 'Phaltan', 1),
(744, 21, 'Pulgaon', 1),
(745, 21, 'Pune', 1),
(746, 21, 'Purna', 1),
(747, 21, 'Pusad', 1),
(748, 21, 'Rahuri', 1),
(749, 21, 'Rajura', 1),
(750, 21, 'Ramtek', 1),
(751, 21, 'Ratnagiri', 1),
(752, 21, 'Raver', 1),
(753, 21, 'Risod', 1),
(754, 21, 'Sailu', 1),
(755, 21, 'Sangamner', 1),
(756, 21, 'Sangli', 1),
(757, 21, 'Sangole', 1),
(758, 21, 'Sasvad', 1),
(759, 21, 'Satana', 1),
(760, 21, 'Satara', 1),
(761, 21, 'Savner', 1),
(762, 21, 'Sawantwadi', 1),
(763, 21, 'Shahade', 1),
(764, 21, 'Shegaon', 1),
(765, 21, 'Shendurjana', 1),
(766, 21, 'Shirdi', 1),
(767, 21, 'Shirpur-Warwade', 1),
(768, 21, 'Shirur', 1),
(769, 21, 'Shrigonda', 1),
(770, 21, 'Shrirampur', 1),
(771, 21, 'Sillod', 1),
(772, 21, 'Sinnar', 1),
(773, 21, 'Solapur', 1),
(774, 21, 'Soyagaon', 1),
(775, 21, 'Talegaon Dabhade', 1),
(776, 21, 'Talode', 1),
(777, 21, 'Tasgaon', 1),
(778, 21, 'Tirora', 1),
(779, 21, 'Tuljapur', 1),
(780, 21, 'Tumsar', 1),
(781, 21, 'Uran', 1),
(782, 21, 'Uran Islampur', 1),
(783, 21, 'Wadgaon Road', 1),
(784, 21, 'Wai', 1),
(785, 21, 'Wani', 1),
(786, 21, 'Wardha', 1),
(787, 21, 'Warora', 1),
(788, 21, 'Warud', 1),
(789, 21, 'Washim', 1),
(790, 21, 'Yevla', 1),
(791, 22, 'Kakching', 1),
(792, 22, 'Lilong', 1),
(793, 22, 'Mayang Imphal', 1),
(794, 22, 'Thoubal', 1),
(795, 23, 'Jowai', 1),
(796, 23, 'Nongstoin', 1),
(797, 23, 'Shillong', 1),
(798, 23, 'Tura', 1),
(799, 24, 'Aizawl', 1),
(800, 24, 'Champhai', 1),
(801, 24, 'Lunglei', 1),
(802, 24, 'Saiha', 1),
(803, 25, 'Dimapur', 1),
(804, 25, 'Kohima', 1),
(805, 25, 'Mokokchung', 1),
(806, 25, 'Tuensang', 1),
(807, 25, 'Wokha', 1),
(808, 25, 'Zunheboto', 1),
(809, 26, 'Anandapur', 1),
(810, 26, 'Anugul', 1),
(811, 26, 'Asika', 1),
(812, 26, 'Balangir', 1),
(813, 26, 'Balasore', 1),
(814, 26, 'Baleshwar', 1),
(815, 26, 'Bamra', 1),
(816, 26, 'Barbil', 1),
(817, 26, 'Bargarh', 1),
(818, 26, 'Bargarh', 1),
(819, 26, 'Baripada', 1),
(820, 26, 'Basudebpur', 1),
(821, 26, 'Belpahar', 1),
(822, 26, 'Bhadrak', 1),
(823, 26, 'Bhawanipatna', 1),
(824, 26, 'Bhuban', 1),
(825, 26, 'Bhubaneswar', 1),
(826, 26, 'Biramitrapur', 1),
(827, 26, 'Brahmapur', 1),
(828, 26, 'Brajrajnagar', 1),
(829, 26, 'Byasanagar', 1),
(830, 26, 'Cuttack', 1),
(831, 26, 'Debagarh', 1),
(832, 26, 'Dhenkanal', 1),
(833, 26, 'Gunupur', 1),
(834, 26, 'Hinjilicut', 1),
(835, 26, 'Jagatsinghapur', 1),
(836, 26, 'Jajapur', 1),
(837, 26, 'Jaleswar', 1),
(838, 26, 'Jatani', 1),
(839, 26, 'Jeypur', 1),
(840, 26, 'Jharsuguda', 1),
(841, 26, 'Joda', 1),
(842, 26, 'Kantabanji', 1),
(843, 26, 'Karanjia', 1),
(844, 26, 'Kendrapara', 1),
(845, 26, 'Kendujhar', 1),
(846, 26, 'Khordha', 1),
(847, 26, 'Koraput', 1),
(848, 26, 'Malkangiri', 1),
(849, 26, 'Nabarangapur', 1),
(850, 26, 'Paradip', 1),
(851, 26, 'Parlakhemundi', 1),
(852, 26, 'Pattamundai', 1),
(853, 26, 'Phulabani', 1),
(854, 26, 'Puri', 1),
(855, 26, 'Rairangpur', 1),
(856, 26, 'Rajagangapur', 1),
(857, 26, 'Raurkela', 1),
(858, 26, 'Rayagada', 1),
(859, 26, 'Sambalpur', 1),
(860, 26, 'Soro', 1),
(861, 26, 'Sunabeda', 1),
(862, 26, 'Sundargarh', 1),
(863, 26, 'Talcher', 1),
(864, 26, 'Titlagarh', 1),
(865, 26, 'Umarkote', 1),
(866, 28, 'Ahmedgarh', 1),
(867, 28, 'Amritsar', 1),
(868, 28, 'Barnala', 1),
(869, 28, 'Batala', 1),
(870, 28, 'Bathinda', 1),
(871, 28, 'Bhagha Purana', 1),
(872, 28, 'Budhlada', 1),
(873, 28, 'Chandigarh', 1),
(874, 28, 'Dasua', 1),
(875, 28, 'Dhuri', 1),
(876, 28, 'Dinanagar', 1),
(877, 28, 'Faridkot', 1),
(878, 28, 'Fazilka', 1),
(879, 28, 'Firozpur', 1),
(880, 28, 'Firozpur Cantt.', 1),
(881, 28, 'Giddarbaha', 1),
(882, 28, 'Gobindgarh', 1),
(883, 28, 'Gurdaspur', 1),
(884, 28, 'Hoshiarpur', 1),
(885, 28, 'Jagraon', 1),
(886, 28, 'Jaitu', 1),
(887, 28, 'Jalalabad', 1),
(888, 28, 'Jalandhar', 1),
(889, 28, 'Jalandhar Cantt.', 1),
(890, 28, 'Jandiala', 1),
(891, 28, 'Kapurthala', 1),
(892, 28, 'Karoran', 1),
(893, 28, 'Kartarpur', 1),
(894, 28, 'Khanna', 1),
(895, 28, 'Kharar', 1),
(896, 28, 'Kot Kapura', 1),
(897, 28, 'Kurali', 1),
(898, 28, 'Longowal', 1),
(899, 28, 'Ludhiana', 1),
(900, 28, 'Malerkotla', 1),
(901, 28, 'Malout', 1),
(902, 28, 'Mansa', 1),
(903, 28, 'Maur', 1),
(904, 28, 'Moga', 1),
(905, 28, 'Mohali', 1),
(906, 28, 'Morinda', 1),
(907, 28, 'Mukerian', 1),
(908, 28, 'Muktsar', 1),
(909, 28, 'Nabha', 1),
(910, 28, 'Nakodar', 1),
(911, 28, 'Nangal', 1),
(912, 28, 'Nawanshahr', 1),
(913, 28, 'Pathankot', 1),
(914, 28, 'Patiala', 1),
(915, 28, 'Patran', 1),
(916, 28, 'Patti', 1),
(917, 28, 'Phagwara', 1),
(918, 28, 'Phillaur', 1),
(919, 28, 'Qadian', 1),
(920, 28, 'Raikot', 1),
(921, 28, 'Rajpura', 1),
(922, 28, 'Rampura Phul', 1),
(923, 28, 'Rupnagar', 1),
(924, 28, 'Samana', 1),
(925, 28, 'Sangrur', 1),
(926, 28, 'Sirhind Fatehgarh Sahib', 1),
(927, 28, 'Sujanpur', 1),
(928, 28, 'Sunam', 1),
(929, 28, 'Talwara', 1),
(930, 28, 'Tarn Taran', 1),
(931, 28, 'Urmar Tanda', 1),
(932, 28, 'Zira', 1),
(933, 28, 'Zirakpur', 1),
(934, 29, 'Ajmer', 1),
(935, 29, 'Alwar', 1),
(936, 29, 'Bandikui', 1),
(937, 29, 'Baran', 1),
(938, 29, 'Barmer', 1),
(939, 29, 'Bikaner', 1),
(940, 29, 'Fatehpur', 1),
(941, 29, 'Jaipur', 1),
(942, 29, 'Jaisalmer', 1),
(943, 29, 'Jodhpur', 1),
(944, 29, 'Kota', 1),
(945, 29, 'Lachhmangarh', 1),
(946, 29, 'Ladnu', 1),
(947, 29, 'Lakheri', 1),
(948, 29, 'Lalsot', 1),
(949, 29, 'Losal', 1),
(950, 29, 'Makrana', 1),
(951, 29, 'Malpura', 1),
(952, 29, 'Mandalgarh', 1),
(953, 29, 'Mandawa', 1),
(954, 29, 'Mangrol', 1),
(955, 29, 'Merta City', 1),
(956, 29, 'Mount Abu', 1),
(957, 29, 'Nadbai', 1),
(958, 29, 'Nagar', 1),
(959, 29, 'Nagaur', 1),
(960, 29, 'Nargund', 1),
(961, 29, 'Nasirabad', 1),
(962, 29, 'Nathdwara', 1),
(963, 29, 'Navalgund', 1),
(964, 29, 'Nawalgarh', 1),
(965, 29, 'Neem-Ka-Thana', 1),
(966, 29, 'Nelamangala', 1),
(967, 29, 'Nimbahera', 1),
(968, 29, 'Nipani', 1),
(969, 29, 'Niwai', 1),
(970, 29, 'Nohar', 1),
(971, 29, 'Nokha', 1),
(972, 29, 'Pali', 1),
(973, 29, 'Phalodi', 1),
(974, 29, 'Phulera', 1),
(975, 29, 'Pilani', 1),
(976, 29, 'Pilibanga', 1),
(977, 29, 'Pindwara', 1),
(978, 29, 'Pipar City', 1),
(979, 29, 'Prantij', 1),
(980, 29, 'Pratapgarh', 1),
(981, 29, 'Raisinghnagar', 1),
(982, 29, 'Rajakhera', 1),
(983, 29, 'Rajaldesar', 1),
(984, 29, 'Rajgarh (Alwar)', 1),
(985, 29, 'Rajgarh (Churu', 1),
(986, 29, 'Rajsamand', 1),
(987, 29, 'Ramganj Mandi', 1),
(988, 29, 'Ramngarh', 1),
(989, 29, 'Ratangarh', 1),
(990, 29, 'Rawatbhata', 1),
(991, 29, 'Rawatsar', 1),
(992, 29, 'Reengus', 1),
(993, 29, 'Sadri', 1),
(994, 29, 'Sadulshahar', 1),
(995, 29, 'Sagwara', 1),
(996, 29, 'Sambhar', 1),
(997, 29, 'Sanchore', 1),
(998, 29, 'Sangaria', 1),
(999, 29, 'Sardarshahar', 1),
(1000, 29, 'Sawai Madhopur', 1),
(1001, 29, 'Shahpura', 1),
(1002, 29, 'Shahpura', 1),
(1003, 29, 'Sheoganj', 1),
(1004, 29, 'Sikar', 1),
(1005, 29, 'Sirohi', 1),
(1006, 29, 'Sojat', 1),
(1007, 29, 'Sri Madhopur', 1),
(1008, 29, 'Sujangarh', 1),
(1009, 29, 'Sumerpur', 1),
(1010, 29, 'Suratgarh', 1),
(1011, 29, 'Taranagar', 1),
(1012, 29, 'Todabhim', 1),
(1013, 29, 'Todaraisingh', 1),
(1014, 29, 'Tonk', 1),
(1015, 29, 'Udaipur', 1),
(1016, 29, 'Udaipurwati', 1),
(1017, 29, 'Vijainagar', 1),
(1018, 30, 'Gangtok', 1),
(1019, 31, 'Arakkonam', 1),
(1020, 31, 'Arcot', 1),
(1021, 31, 'Aruppukkottai', 1),
(1022, 31, 'Bhavani', 1),
(1023, 31, 'Chengalpattu', 1),
(1024, 31, 'Chennai', 1),
(1025, 31, 'Chinna salem', 1),
(1026, 31, 'Coimbatore', 1),
(1027, 31, 'Coonoor', 1),
(1028, 31, 'Cuddalore', 1),
(1029, 31, 'Dharmapuri', 1),
(1030, 31, 'Dindigul', 1),
(1031, 31, 'Erode', 1),
(1032, 31, 'Gudalur', 1),
(1033, 31, 'Gudalur', 1),
(1034, 31, 'Gudalur', 1),
(1035, 31, 'Kanchipuram', 1),
(1036, 31, 'Karaikudi', 1),
(1037, 31, 'Karungal', 1),
(1038, 31, 'Karur', 1),
(1039, 31, 'Kollankodu', 1),
(1040, 31, 'Lalgudi', 1),
(1041, 31, 'Madurai', 1),
(1042, 31, 'Nagapattinam', 1),
(1043, 31, 'Nagercoil', 1),
(1044, 31, 'Namagiripettai', 1),
(1045, 31, 'Namakkal', 1),
(1046, 31, 'Nandivaram-Guduvancheri', 1),
(1047, 31, 'Nanjikottai', 1),
(1048, 31, 'Natham', 1),
(1049, 31, 'Nellikuppam', 1),
(1050, 31, 'Neyveli', 1),
(1051, 31, 'O Valley', 1),
(1052, 31, 'Oddanchatram', 1),
(1053, 31, 'P.N.Patti', 1),
(1054, 31, 'Pacode', 1),
(1055, 31, 'Padmanabhapuram', 1),
(1056, 31, 'Palani', 1),
(1057, 31, 'Palladam', 1),
(1058, 31, 'Pallapatti', 1),
(1059, 31, 'Pallikonda', 1),
(1060, 31, 'Panagudi', 1),
(1061, 31, 'Panruti', 1),
(1062, 31, 'Paramakudi', 1),
(1063, 31, 'Parangipettai', 1),
(1064, 31, 'Pattukkottai', 1),
(1065, 31, 'Perambalur', 1),
(1066, 31, 'Peravurani', 1),
(1067, 31, 'Periyakulam', 1),
(1068, 31, 'Periyasemur', 1),
(1069, 31, 'Pernampattu', 1),
(1070, 31, 'Pollachi', 1),
(1071, 31, 'Polur', 1),
(1072, 31, 'Ponneri', 1),
(1073, 31, 'Pudukkottai', 1),
(1074, 31, 'Pudupattinam', 1),
(1075, 31, 'Puliyankudi', 1),
(1076, 31, 'Punjaipugalur', 1),
(1077, 31, 'Rajapalayam', 1),
(1078, 31, 'Ramanathapuram', 1),
(1079, 31, 'Rameshwaram', 1),
(1080, 31, 'Rasipuram', 1),
(1081, 31, 'Salem', 1),
(1082, 31, 'Sankarankoil', 1),
(1083, 31, 'Sankari', 1),
(1084, 31, 'Sathyamangalam', 1),
(1085, 31, 'Sattur', 1),
(1086, 31, 'Shenkottai', 1),
(1087, 31, 'Sholavandan', 1),
(1088, 31, 'Sholingur', 1),
(1089, 31, 'Sirkali', 1),
(1090, 31, 'Sivaganga', 1),
(1091, 31, 'Sivagiri', 1),
(1092, 31, 'Sivakasi', 1),
(1093, 31, 'Srivilliputhur', 1),
(1094, 31, 'Surandai', 1),
(1095, 31, 'Suriyampalayam', 1),
(1096, 31, 'Tenkasi', 1),
(1097, 31, 'Thammampatti', 1),
(1098, 31, 'Thanjavur', 1),
(1099, 31, 'Tharamangalam', 1),
(1100, 31, 'Tharangambadi', 1),
(1101, 31, 'Theni Allinagaram', 1),
(1102, 31, 'Thirumangalam', 1),
(1103, 31, 'Thirunindravur', 1),
(1104, 31, 'Thiruparappu', 1),
(1105, 31, 'Thirupuvanam', 1),
(1106, 31, 'Thiruthuraipoondi', 1),
(1107, 31, 'Thiruvallur', 1),
(1108, 31, 'Thiruvarur', 1),
(1109, 31, 'Thoothukudi', 1),
(1110, 31, 'Thuraiyur', 1),
(1111, 31, 'Tindivanam', 1),
(1112, 31, 'Tiruchendur', 1),
(1113, 31, 'Tiruchengode', 1),
(1114, 31, 'Tiruchirappalli', 1),
(1115, 31, 'Tirukalukundram', 1),
(1116, 31, 'Tirukkoyilur', 1),
(1117, 31, 'Tirunelveli', 1),
(1118, 31, 'Tirupathur', 1),
(1119, 31, 'Tirupathur', 1),
(1120, 31, 'Tiruppur', 1),
(1121, 31, 'Tiruttani', 1),
(1122, 31, 'Tiruvannamalai', 1),
(1123, 31, 'Tiruvethipuram', 1),
(1124, 31, 'Tittakudi', 1),
(1125, 31, 'Udhagamandalam', 1),
(1126, 31, 'Udumalaipettai', 1),
(1127, 31, 'Unnamalaikadai', 1),
(1128, 31, 'Usilampatti', 1),
(1129, 31, 'Uthamapalayam', 1),
(1130, 31, 'Uthiramerur', 1),
(1131, 31, 'Vadakkuvalliyur', 1),
(1132, 31, 'Vadalur', 1),
(1133, 31, 'Vadipatti', 1),
(1134, 31, 'Valparai', 1),
(1135, 31, 'Vandavasi', 1),
(1136, 31, 'Vaniyambadi', 1),
(1137, 31, 'Vedaranyam', 1),
(1138, 31, 'Vellakoil', 1),
(1139, 31, 'Vellore', 1),
(1140, 31, 'Vikramasingapuram', 1),
(1141, 31, 'Viluppuram', 1),
(1142, 31, 'Virudhachalam', 1),
(1143, 31, 'Virudhunagar', 1),
(1144, 31, 'Viswanatham', 1),
(1145, 31, 'Chennai', 1),
(1146, 31, 'Coimbatore', 1),
(1147, 32, 'Agartala', 1),
(1148, 32, 'Badharghat', 1),
(1149, 32, 'Dharmanagar', 1),
(1150, 32, 'Indranagar', 1),
(1151, 32, 'Jogendranagar', 1),
(1152, 32, 'Kailasahar', 1),
(1153, 32, 'Khowai', 1),
(1154, 32, 'Pratapgarh', 1),
(1155, 32, 'Udaipur', 1),
(1156, 34, 'Achhnera', 1),
(1157, 34, 'Adari', 1),
(1158, 34, 'Agra', 1),
(1159, 34, 'Aligarh', 1),
(1160, 34, 'Allahabad', 1),
(1161, 34, 'Amroha', 1),
(1162, 34, 'Azamgarh', 1),
(1163, 34, 'Bahraich', 1),
(1164, 34, 'Ballia', 1),
(1165, 34, 'Balrampur', 1),
(1166, 34, 'Banda', 1),
(1167, 34, 'Bareilly', 1),
(1168, 34, 'Chandausi', 1),
(1169, 34, 'Dadri', 1),
(1170, 34, 'Deoria', 1),
(1171, 34, 'Etawah', 1),
(1172, 34, 'Fatehabad', 1),
(1173, 34, 'Fatehpur', 1),
(1174, 34, 'Fatehpur', 1),
(1175, 34, 'Greater Noida', 1),
(1176, 34, 'Hamirpur', 1),
(1177, 34, 'Hardoi', 1),
(1178, 34, 'Jajmau', 1),
(1179, 34, 'Jaunpur', 1),
(1180, 34, 'Jhansi', 1),
(1181, 34, 'Kalpi', 1),
(1182, 34, 'Kanpur', 1),
(1183, 34, 'Kota', 1),
(1184, 34, 'Laharpur', 1),
(1185, 34, 'Lakhimpur', 1),
(1186, 34, 'Lal Gopalganj Nindaura', 1),
(1187, 34, 'Lalganj', 1),
(1188, 34, 'Lalitpur', 1),
(1189, 34, 'Lar', 1),
(1190, 34, 'Loni', 1),
(1191, 34, 'Lucknow', 1),
(1192, 34, 'Mathura', 1),
(1193, 34, 'Meerut', 1),
(1194, 34, 'Modinagar', 1),
(1195, 34, 'Muradnagar', 1),
(1196, 34, 'Nagina', 1),
(1197, 34, 'Najibabad', 1),
(1198, 34, 'Nakur', 1),
(1199, 34, 'Nanpara', 1),
(1200, 34, 'Naraura', 1),
(1201, 34, 'Naugawan Sadat', 1),
(1202, 34, 'Nautanwa', 1),
(1203, 34, 'Nawabganj', 1),
(1204, 34, 'Nehtaur', 1),
(1205, 34, 'NOIDA', 1),
(1206, 34, 'Noorpur', 1),
(1207, 34, 'Obra', 1),
(1208, 34, 'Orai', 1),
(1209, 34, 'Padrauna', 1),
(1210, 34, 'Palia Kalan', 1),
(1211, 34, 'Parasi', 1),
(1212, 34, 'Phulpur', 1),
(1213, 34, 'Pihani', 1),
(1214, 34, 'Pilibhit', 1),
(1215, 34, 'Pilkhuwa', 1),
(1216, 34, 'Powayan', 1),
(1217, 34, 'Pukhrayan', 1),
(1218, 34, 'Puranpur', 1),
(1219, 34, 'Purquazi', 1),
(1220, 34, 'Purwa', 1),
(1221, 34, 'Rae Bareli', 1),
(1222, 34, 'Rampur', 1),
(1223, 34, 'Rampur Maniharan', 1),
(1224, 34, 'Rasra', 1),
(1225, 34, 'Rath', 1),
(1226, 34, 'Renukoot', 1),
(1227, 34, 'Reoti', 1),
(1228, 34, 'Robertsganj', 1),
(1229, 34, 'Rudauli', 1),
(1230, 34, 'Rudrapur', 1),
(1231, 34, 'Sadabad', 1),
(1232, 34, 'Safipur', 1),
(1233, 34, 'Saharanpur', 1),
(1234, 34, 'Sahaspur', 1),
(1235, 34, 'Sahaswan', 1),
(1236, 34, 'Sahawar', 1),
(1237, 34, 'Sahjanwa', 1),
(1238, 34, 'Sambhal', 1),
(1239, 34, 'Samdhan', 1),
(1240, 34, 'Samthar', 1),
(1241, 34, 'Sandi', 1),
(1242, 34, 'Sandila', 1),
(1243, 34, 'Sardhana', 1),
(1244, 34, 'Seohara', 1),
(1245, 34, 'Shahganj', 1),
(1246, 34, 'Shahjahanpur', 1),
(1247, 34, 'Shamli', 1),
(1248, 34, 'Sherkot', 1),
(1249, 34, 'Shikohabad', 1),
(1250, 34, 'Shishgarh', 1),
(1251, 34, 'Siana', 1),
(1252, 34, 'Sikanderpur', 1),
(1253, 34, 'Sikandra Rao', 1),
(1254, 34, 'Sikandrabad', 1),
(1255, 34, 'Sirsaganj', 1),
(1256, 34, 'Sirsi', 1),
(1257, 34, 'Sitapur', 1),
(1258, 34, 'Soron', 1),
(1259, 34, 'Suar', 1),
(1260, 34, 'Sultanpur', 1),
(1261, 34, 'Sumerpur', 1),
(1262, 34, 'Tanda', 1),
(1263, 34, 'Tanda', 1),
(1264, 34, 'Tetri Bazar', 1),
(1265, 34, 'Thakurdwara', 1),
(1266, 34, 'Thana Bhawan', 1),
(1267, 34, 'Tilhar', 1),
(1268, 34, 'Tirwaganj', 1),
(1269, 34, 'Tulsipur', 1),
(1270, 34, 'Tundla', 1),
(1271, 34, 'Unnao', 1),
(1272, 34, 'Utraula', 1),
(1273, 34, 'Varanasi', 1),
(1274, 34, 'Vrindavan', 1),
(1275, 34, 'Warhapur', 1),
(1276, 34, 'Zaidpur', 1),
(1277, 34, 'Zamania', 1),
(1278, 35, 'Calcutta', 1),
(1279, 35, 'Alipurduar', 1),
(1280, 35, 'Arambagh', 1),
(1281, 35, 'Asansol', 1),
(1282, 35, 'Baharampur', 1),
(1283, 35, 'Bally', 1),
(1284, 35, 'Balurghat', 1),
(1285, 35, 'Bankura', 1),
(1286, 35, 'Barakar', 1),
(1287, 35, 'Barasat', 1),
(1288, 35, 'Bardhaman', 1),
(1289, 35, 'Bidhan Nagar', 1),
(1290, 35, 'Chinsura', 1),
(1291, 35, 'Contai', 1),
(1292, 35, 'Cooch Behar', 1),
(1293, 35, 'Darjeeling', 1),
(1294, 35, 'Durgapur', 1),
(1295, 35, 'Haldia', 1),
(1296, 35, 'Howrah', 1),
(1297, 35, 'Islampur', 1),
(1298, 35, 'Jhargram', 1),
(1299, 35, 'Kharagpur', 1),
(1300, 35, 'Kolkata', 1),
(1301, 35, 'Mainaguri', 1),
(1302, 35, 'Mal', 1),
(1303, 35, 'Mathabhanga', 1),
(1304, 35, 'Medinipur', 1),
(1305, 35, 'Memari', 1),
(1306, 35, 'Monoharpur', 1),
(1307, 35, 'Murshidabad', 1),
(1308, 35, 'Nabadwip', 1),
(1309, 35, 'Naihati', 1),
(1310, 35, 'Panchla', 1),
(1311, 35, 'Pandua', 1),
(1312, 35, 'Paschim Punropara', 1),
(1313, 35, 'Purulia', 1),
(1314, 35, 'Raghunathpur', 1),
(1315, 35, 'Raiganj', 1),
(1316, 35, 'Rampurhat', 1),
(1317, 35, 'Ranaghat', 1),
(1318, 35, 'Sainthia', 1),
(1319, 35, 'Santipur', 1),
(1320, 35, 'Siliguri', 1),
(1321, 35, 'Sonamukhi', 1),
(1322, 35, 'Srirampore', 1),
(1323, 35, 'Suri', 1),
(1324, 35, 'Taki', 1),
(1325, 35, 'Tamluk', 1),
(1326, 35, 'Tarakeswar', 1),
(1327, 10, 'Asola', 1),
(1328, 10, 'Delhi', 1),
(1329, 11, 'Aldona', 1),
(1330, 11, 'Curchorem Cacora', 1),
(1331, 11, 'Madgaon', 1),
(1332, 11, 'Mapusa', 1),
(1333, 11, 'Margao', 1),
(1334, 11, 'Marmagao', 1),
(1335, 11, 'Panaji', 1),
(1336, 27, 'Karaikal', 1),
(1337, 27, 'Mahe', 1),
(1338, 27, 'Pondicherry', 1),
(1339, 27, 'Yanam', 1),
(1340, 16, 'Amlabad', 1),
(1341, 16, 'Ara', 1),
(1342, 16, 'Barughutu', 1),
(1343, 16, 'Bokaro Steel City', 1),
(1344, 16, 'Chaibasa', 1),
(1345, 16, 'Chakradharpur', 1),
(1346, 16, 'Chandrapura', 1),
(1347, 16, 'Chatra', 1),
(1348, 16, 'Chirkunda', 1),
(1349, 16, 'Churi', 1),
(1350, 16, 'Daltonganj', 1),
(1351, 16, 'Deoghar', 1),
(1352, 16, 'Dhanbad', 1),
(1353, 16, 'Dumka', 1),
(1354, 16, 'Garhwa', 1),
(1355, 16, 'Ghatshila', 1),
(1356, 16, 'Giridih', 1),
(1357, 16, 'Godda', 1),
(1358, 16, 'Gomoh', 1),
(1359, 16, 'Gumia', 1),
(1360, 16, 'Gumla', 1),
(1361, 16, 'Hazaribag', 1),
(1362, 16, 'Hussainabad', 1),
(1363, 16, 'Jamshedpur', 1),
(1364, 16, 'Jamtara', 1),
(1365, 16, 'Jhumri Tilaiya', 1),
(1366, 16, 'Khunti', 1),
(1367, 16, 'Lohardaga', 1),
(1368, 16, 'Madhupur', 1),
(1369, 16, 'Mihijam', 1),
(1370, 16, 'Musabani', 1),
(1371, 16, 'Pakaur', 1),
(1372, 16, 'Patratu', 1),
(1373, 16, 'Phusro', 1),
(1374, 16, 'Ramngarh', 1),
(1375, 16, 'Ranchi', 1),
(1376, 16, 'Sahibganj', 1),
(1377, 16, 'Saunda', 1),
(1378, 16, 'Simdega', 1),
(1379, 16, 'Tenu Dam-cum- Kathhara', 1),
(1380, 7, 'Ahiwara', 1),
(1381, 7, 'Akaltara', 1),
(1382, 7, 'Ambagarh Chowki', 1),
(1383, 7, 'Ambikapur', 1),
(1384, 7, 'Arang', 1),
(1385, 7, 'Bade Bacheli', 1),
(1386, 7, 'Balod', 1),
(1387, 7, 'Baloda Bazar', 1),
(1388, 7, 'Bemetra', 1),
(1389, 7, 'Bhatapara', 1),
(1390, 7, 'Bilaspur', 1),
(1391, 7, 'Birgaon', 1),
(1392, 7, 'Champa', 1),
(1393, 7, 'Chirmiri', 1),
(1394, 7, 'Dalli-Rajhara', 1),
(1395, 7, 'Dhamtari', 1),
(1396, 7, 'Dipka', 1),
(1397, 7, 'Dongargarh', 1),
(1398, 7, 'Durg-Bhilai Nagar', 1),
(1399, 7, 'Gobranawapara', 1),
(1400, 7, 'Jagdalpur', 1),
(1401, 7, 'Janjgir', 1),
(1402, 7, 'Jashpurnagar', 1),
(1403, 7, 'Kanker', 1),
(1404, 7, 'Kawardha', 1),
(1405, 7, 'Kondagaon', 1),
(1406, 7, 'Korba', 1),
(1407, 7, 'Mahasamund', 1),
(1408, 7, 'Mahendragarh', 1),
(1409, 7, 'Mungeli', 1),
(1410, 7, 'Naila Janjgir', 1),
(1411, 7, 'Raigarh', 1),
(1412, 7, 'Raipur', 1),
(1413, 7, 'Rajnandgaon', 1),
(1414, 7, 'Sakti', 1),
(1415, 7, 'Tilda Newra', 1),
(1416, 33, 'Nainital', 1),
(1417, 33, 'Almora', 1),
(1418, 33, 'Pitoragarh', 1),
(1419, 33, 'Udhamsingh Nagar', 1),
(1420, 33, 'Bageshwar', 1),
(1421, 33, 'Champawat', 1),
(1422, 33, 'Garhwal(Pauri)', 1),
(1423, 33, 'Tehri-Garhwal', 1),
(1424, 33, 'Chamoli( Gopeshwar )', 1),
(1425, 33, 'Uttarkashi', 1),
(1426, 33, 'Dehradun', 1),
(1427, 33, 'Rudraprayag', 1),
(1428, 33, 'Haridwar', 1),
(1429, 9, 'Dama', 1),
(1430, 9, 'Diu', 1),
(1431, 3, 'Andaman', 1),
(1432, 3, 'Nicobar', 1),
(1433, 34, 'Chandauli', 1),
(1434, 34, 'Ghazipur', 1),
(1435, 5, 'Arwal', 1);

-- --------------------------------------------------------

--
-- Table structure for table `itr_data_tbl`
--

CREATE TABLE `itr_data_tbl` (
  `id` int(11) NOT NULL,
  `user_pan_number` varchar(10) NOT NULL,
  `user_name` varchar(50) NOT NULL,
  `user_phone` varchar(10) NOT NULL,
  `user_email` varchar(50) NOT NULL,
  `user_father_name` varchar(50) NOT NULL,
  `itr_fill_at_paac` varchar(3) NOT NULL,
  `ay_itr_fill` varchar(3) NOT NULL,
  `user_firm_name` varchar(100) NOT NULL,
  `user_firm_address` varchar(200) NOT NULL,
  `user_pan_url` varchar(50) NOT NULL,
  `user_aadhar_f_url` varchar(50) NOT NULL,
  `user_aadhar_b_url` varchar(50) NOT NULL,
  `user_bank_statement_url` varchar(50) NOT NULL,
  `user_other_doc_url` varchar(50) NOT NULL,
  `user_pan_name` varchar(50) NOT NULL,
  `user_aadhar_name` varchar(50) NOT NULL,
  `user_aadhar_b_name` varchar(50) NOT NULL,
  `user_bank_statement_name` varchar(50) NOT NULL,
  `user_other_doc_name` varchar(50) NOT NULL
) ENGINE=InnoDB DEFAULT CHARSET=utf8;

--
-- Dumping data for table `itr_data_tbl`
--

INSERT INTO `itr_data_tbl` (`id`, `user_pan_number`, `user_name`, `user_phone`, `user_email`, `user_father_name`, `itr_fill_at_paac`, `ay_itr_fill`, `user_firm_name`, `user_firm_address`, `user_pan_url`, `user_aadhar_f_url`, `user_aadhar_b_url`, `user_bank_statement_url`, `user_other_doc_url`, `user_pan_name`, `user_aadhar_name`, `user_aadhar_b_name`, `user_bank_statement_name`, `user_other_doc_name`) VALUES
(3, 'ASDFG7856P', 'Shashank Pandey', '0873900201', 'shashankpandey2103@gmail.com', 'Test', 'yes', 'yes', 'Full Stack Developer', 'SUZABAD, PARAO, VARANASI', 'upload/pan/1729506480.jpeg', 'upload/aadhar/172950648058.jpeg', 'upload/aadhar/172950648025.jpeg', 'upload/bank_statement/1729506480.jpeg', 'upload/other_doc/1729506480.jpeg', '1729506480.jpeg', '172950648058.jpeg', '172950648025.jpeg', '1729506480.jpeg', '1729506480.jpeg'),
(4, 'DFMPS7588A', 'abcd', '7676767676', 'ayesha@gmail.com', 'Virakar', 'no', 'no', 'Full Stack Developer', 'The Alstonia Apartment, Greater Noida, UP', 'upload/pan/1729506933.jpeg', 'upload/aadhar/172950693330.jpeg', 'upload/aadhar/172950693316.jpg', 'upload/bank_statement/1729506933.jpeg', 'upload/other_doc/1729506933.jpeg', '1729506933.jpeg', '172950693330.jpeg', '172950693316.jpg', '1729506933.jpeg', '1729506933.jpeg');

-- --------------------------------------------------------

--
-- Table structure for table `itr_trash_tbl`
--

CREATE TABLE `itr_trash_tbl` (
  `id` int(11) NOT NULL,
  `user_pan_number` varchar(10) NOT NULL,
  `user_name` varchar(50) NOT NULL,
  `user_phone` varchar(10) NOT NULL,
  `user_email` varchar(50) NOT NULL,
  `user_father_name` varchar(50) NOT NULL,
  `itr_fill_at_paac` varchar(3) NOT NULL,
  `ay_itr_fill` varchar(3) NOT NULL,
  `user_firm_name` varchar(50) NOT NULL,
  `user_firm_address` varchar(100) NOT NULL,
  `user_pan_url` varchar(100) NOT NULL,
  `user_aadhar_f_url` varchar(50) NOT NULL,
  `user_aadhar_b_url` varchar(50) NOT NULL,
  `user_bank_statement_url` varchar(50) NOT NULL,
  `user_other_doc_url` varchar(50) NOT NULL
) ENGINE=InnoDB DEFAULT CHARSET=utf8;

--
-- Dumping data for table `itr_trash_tbl`
--

INSERT INTO `itr_trash_tbl` (`id`, `user_pan_number`, `user_name`, `user_phone`, `user_email`, `user_father_name`, `itr_fill_at_paac`, `ay_itr_fill`, `user_firm_name`, `user_firm_address`, `user_pan_url`, `user_aadhar_f_url`, `user_aadhar_b_url`, `user_bank_statement_url`, `user_other_doc_url`) VALUES
(1, 'ASDFG7856P', ' Shashank Pandey', '0873900201', 'shashankpandey2103@gmail.com', 'Virakar', 'no', 'no', 'Full Stack Developer', 'SUZABAD, PARAO, VARANASI', 'upload/pan/1729504513.jpeg', 'upload/aadhar/172950451328.jpeg', 'upload/aadhar/172950451344.jpg', 'upload/bank_statement/1729504513.jpeg', 'upload/other_doc/172950591712.jpeg'),
(2, 'ASDFG7856F', 'Shashank', '0873900207', 'spankitpandey2103@gmail.com', 'Virakarw', 'yes', 'no', 'Full Stack Developer', 'The Alstonia Apartment, Greater Noida, UP', 'upload/pan/1729506365.jpeg', 'upload/aadhar/172950636544.jpeg', 'upload/aadhar/172950636544.jpg', 'upload/bank_statement/1729506365.jpeg', 'upload/other_doc/1729506365.png');

-- --------------------------------------------------------

--
-- Table structure for table `state`
--

CREATE TABLE `state` (
  `state_id` int(11) NOT NULL,
  `state` varchar(100) NOT NULL,
  `status` tinyint(1) NOT NULL
) ENGINE=MyISAM DEFAULT CHARSET=latin1;

--
-- Dumping data for table `state`
--

INSERT INTO `state` (`state_id`, `state`, `status`) VALUES
(1, 'Andra Pradesh', 1),
(2, 'Arunachal Pradesh', 1),
(3, 'Andaman and Nicobar Islands', 1),
(4, 'Assam', 1),
(5, 'Bihar', 1),
(6, 'Chandigarh', 1),
(7, 'Chhattisgarh', 1),
(8, 'Dadar and Nagar Haveli', 1),
(9, 'Daman and Diu', 1),
(10, 'Delhi', 1),
(11, 'Goa', 1),
(12, 'Gujarat', 1),
(13, 'Haryana', 1),
(14, 'Himachal Pradesh', 1),
(15, 'Jammu and Kashmir', 1),
(16, 'Jharkhand', 1),
(17, 'Karnataka', 1),
(18, 'Kerala', 1),
(19, 'Lakshadeep', 1),
(20, 'Madya Pradesh', 1),
(21, 'Maharashtra', 1),
(22, 'Manipur', 1),
(23, 'Meghalaya', 1),
(24, 'Mizoram', 1),
(25, 'Nagaland', 1),
(26, 'Orissa', 1),
(27, 'Pondicherry', 1),
(28, 'Punjab', 1),
(29, 'Rajasthan', 1),
(30, 'Sikkim', 1),
(31, 'Tamil Nadu', 1),
(32, 'Tripura', 1),
(33, 'Uttaranchal', 1),
(34, 'Uttar Pradesh', 1),
(35, 'West Bengal', 1);

--
-- Indexes for dumped tables
--

--
-- Indexes for table `city`
--
ALTER TABLE `city`
  ADD PRIMARY KEY (`city_id`),
  ADD KEY `city_id` (`city_id`);

--
-- Indexes for table `itr_data_tbl`
--
ALTER TABLE `itr_data_tbl`
  ADD PRIMARY KEY (`id`),
  ADD UNIQUE KEY `pan_number` (`user_pan_number`),
  ADD UNIQUE KEY `phone` (`user_phone`),
  ADD UNIQUE KEY `email` (`user_email`);

--
-- Indexes for table `itr_trash_tbl`
--
ALTER TABLE `itr_trash_tbl`
  ADD PRIMARY KEY (`id`),
  ADD UNIQUE KEY `pan_number` (`user_pan_number`),
  ADD UNIQUE KEY `phone` (`user_phone`),
  ADD UNIQUE KEY `email` (`user_email`);

--
-- Indexes for table `state`
--
ALTER TABLE `state`
  ADD PRIMARY KEY (`state_id`),
  ADD UNIQUE KEY `state` (`state`),
  ADD KEY `state_id` (`state_id`);

--
-- AUTO_INCREMENT for dumped tables
--

--
-- AUTO_INCREMENT for table `city`
--
ALTER TABLE `city`
  MODIFY `city_id` int(11) NOT NULL AUTO_INCREMENT, AUTO_INCREMENT=1436;

--
-- AUTO_INCREMENT for table `itr_data_tbl`
--
ALTER TABLE `itr_data_tbl`
  MODIFY `id` int(11) NOT NULL AUTO_INCREMENT, AUTO_INCREMENT=5;

--
-- AUTO_INCREMENT for table `itr_trash_tbl`
--
ALTER TABLE `itr_trash_tbl`
  MODIFY `id` int(11) NOT NULL AUTO_INCREMENT, AUTO_INCREMENT=3;

--
-- AUTO_INCREMENT for table `state`
--
ALTER TABLE `state`
  MODIFY `state_id` int(11) NOT NULL AUTO_INCREMENT, AUTO_INCREMENT=36;
COMMIT;

/*!40101 SET CHARACTER_SET_CLIENT=@OLD_CHARACTER_SET_CLIENT */;
/*!40101 SET CHARACTER_SET_RESULTS=@OLD_CHARACTER_SET_RESULTS */;
/*!40101 SET COLLATION_CONNECTION=@OLD_COLLATION_CONNECTION */;
